"row","escs","math"
"1",-0.68,437.125004347826
"2",0,457.65260597771
"3",0.55,475.358848373984
"4",1.06,505.173227364185
"5",2.09,536.80541383975
